RA,media_moradores,mediana_moradores,pct_domicilios_com_criancas,media_criancas_domicilios_com_criancas,pct_unipessoal,pct_monoparental_feminino,pct_casal_com_filhos,pct_casal_sem_filhos,pct_outros_arranjos,pct_condominio_fechado,pct_paga_taxa_condominial,mediana_taxa_condominial,ra_cira
Arapoanga,2.982318,3.000000,37.131631,1.523810,13.948919,22.200393,40.864440,14.931238,8.055010,0.196464,0.000000,,34
Arniqueira,2.718543,3.000000,27.649007,1.473054,22.516556,15.562914,37.086093,17.880795,6.953642,40.562914,36.544850,200.000000,33
Brazlândia,2.852130,3.000000,31.829574,1.559055,19.799499,25.062657,32.330827,12.531328,10.275689,4.260652,0.251256,,4
Candangolândia,2.642680,2.000000,24.317618,1.326531,25.310174,12.655087,30.024814,16.625310,15.384615,8.955224,2.487562,70.000000,19
Ceilândia,2.851786,3.000000,32.142857,1.405556,16.428571,20.178571,34.821429,15.178571,13.392857,6.071429,5.545617,500.000000,9
Cruzeiro,2.388471,2.000000,18.796992,1.213333,27.819549,13.784461,26.065163,20.300752,12.030075,51.378446,64.141414,400.000000,11
Fercal,2.945000,3.000000,40.750000,1.472393,15.500000,21.750000,36.250000,16.250000,10.250000,3.258145,0.751880,,31
Gama,2.882500,3.000000,26.000000,1.413462,15.500000,18.000000,32.500000,19.000000,15.000000,22.250000,19.346734,350.000000,2
Guará,2.476773,2.000000,23.471883,1.281250,24.205379,15.892421,25.427873,20.537897,13.936430,50.245098,46.798030,500.000000,10
Itapoã,2.778055,3.000000,38.653367,1.367742,20.947631,19.451372,37.406484,15.211970,6.982544,31.250000,31.328321,300.000000,28
Jardim Botânico,2.950125,3.000000,32.668329,1.412214,12.468828,11.720698,48.129676,17.206983,10.473815,88.500000,87.594937,540.000000,27
Lago Norte,2.588089,2.000000,18.858561,1.342105,26.302730,12.655087,30.272953,22.828784,7.940447,42.250000,39.303483,570.000000,18
Lago Sul,3.032581,3.000000,13.283208,1.490566,7.769424,12.030075,42.606516,28.070175,9.523810,16.040100,15.404040,623.000000,16
Núcleo Bandeirante,2.597647,2.000000,21.882353,1.462366,20.941176,20.470588,27.764706,16.000000,14.823529,26.241135,24.460432,190.000000,8
Paranoá,2.870690,3.000000,36.637931,1.411765,17.672414,27.586207,32.327586,12.068966,10.344828,37.500000,37.580994,107.000000,7
Park Way,2.952381,3.000000,20.551378,1.475610,13.533835,8.521303,43.859649,25.313283,8.771930,80.653266,65.404040,400.000000,24
Planaltina,2.946004,3.000000,31.965443,1.391892,16.630670,23.326134,33.909287,18.142549,7.991361,6.060606,3.043478,250.000000,6
Plano Piloto,2.375644,2.000000,18.064197,1.329308,24.479692,10.914594,27.616705,28.677781,8.311227,57.556603,63.034844,890.000000,1
Recanto Das Emas,2.993363,3.000000,36.725664,1.500000,17.699115,23.230088,37.168142,14.159292,7.743363,3.318584,0.886918,290.000000,15
Riacho Fundo,2.626168,2.000000,26.479751,1.305882,22.118380,17.912773,30.529595,17.601246,11.838006,40.342679,31.289308,185.000000,17
Riacho Fundo II,3.027431,3.000000,35.660848,1.440559,10.972569,20.448878,44.139651,16.708229,7.730673,36.159601,33.000000,320.000000,21
SCIA,3.024856,3.000000,41.582396,1.560991,15.185751,18.844531,38.654179,14.964549,12.350990,4.512528,0.418670,150.000000,25
SIA,2.993333,3.000000,36.666667,1.581818,20.000000,14.666667,41.333333,16.666667,7.333333,23.648649,12.751678,300.000000,29
Samambaia,3.135624,3.000000,36.528029,1.564356,12.839060,22.784810,37.974684,16.455696,9.945750,12.839060,11.231884,420.000000,12
Santa Maria,3.237251,3.000000,36.807095,1.644578,10.864745,21.286031,38.802661,15.299335,13.747228,15.555556,13.258427,350.000000,13
Sobradinho,3.040000,3.000000,32.190476,1.372781,12.380952,15.428571,40.761905,18.285714,13.142857,26.908397,25.954198,400.000000,5
Sobradinho II,2.985965,3.000000,31.052632,1.474576,12.105263,22.807018,36.491228,19.298246,9.298246,28.947368,39.323843,312.000000,26
Sol Nascente / Pôr do Sol,2.974937,3.000000,37.593985,1.513333,16.290727,17.543860,39.097744,13.533835,13.533835,10.075567,3.258145,50.000000,32
Sudoeste e Octogonal,1.967172,2.000000,12.121212,1.375000,42.676768,9.090909,20.202020,19.949495,8.080808,99.242424,97.969543,600.000000,22
São Sebastião,2.895857,3.000000,38.156536,1.548527,16.619878,18.762302,36.307047,15.306088,13.004685,17.180913,3.431066,155.000000,14
Taguatinga,2.706856,2.000000,21.985816,1.408602,20.330969,16.784870,28.841608,19.148936,14.893617,27.078385,23.684211,450.000000,3
Varjão,2.836186,3.000000,38.386308,1.528662,18.337408,27.139364,28.850856,12.713936,12.958435,6.896552,2.481390,90.000000,23
Vicente Pires,2.805999,2.000000,22.268441,1.592235,15.806516,12.103298,32.465325,27.885225,11.739637,44.883008,41.310078,280.000000,30
Água Quente,2.775000,3.000000,31.250000,1.520000,20.000000,18.500000,34.000000,17.500000,10.000000,22.055138,23.000000,187.000000,35
Águas Claras,2.141791,2.000000,17.412935,1.314286,36.567164,7.960199,24.626866,21.890547,8.955224,99.253731,97.256858,600.000000,20
Área Rural,3.035556,3.000000,38.222222,1.505814,16.000000,10.444444,43.777778,21.555556,8.222222,4.666667,4.677060,500.000000,
