RA,pct_rua_pavimentada,pct_calcada,pct_calcadas_com_rampa,pct_iluminacao,pct_drenagem,pct_arborizacao,pct_parque_praca,pct_ciclovia,pct_travessia_sinalizada,pct_ponto_onibus,pct_policiamento,pct_lixo_entulho,pct_esgoto_ceu_aberto,pct_alagamento,ra_cira
Arapoanga,98.231827,18.886680,38.461538,93.320236,55.220884,61.296660,17.125984,20.669291,13.188976,81.496063,34.669339,59.523810,17.984190,39.880952,34
Arniqueira,89.403974,73.920266,23.041475,86.212625,53.001715,71.096346,47.263682,25.373134,31.893688,71.096346,39.219015,47.666667,21.702838,44.798658,33
Brazlândia,96.992481,94.235589,39.516129,93.450882,75.634518,76.190476,66.165414,21.410579,48.994975,86.466165,67.766497,44.949495,21.158690,31.829574,4
Candangolândia,98.759305,82.630273,34.848485,98.014888,94.278607,83.374690,88.308458,69.154229,75.373134,92.288557,79.639175,19.106700,7.231920,14.750000,19
Ceilândia,100.000000,88.035714,73.727088,99.107143,87.683824,87.298748,87.678571,71.762590,87.656530,96.785714,45.269017,55.535055,15.584416,42.279412,9
Cruzeiro,100.000000,96.240602,29.380054,97.229219,91.688312,95.739348,92.211055,72.959184,78.841310,93.216080,74.168798,43.222506,2.518892,26.329114,11
Fercal,77.500000,26.381910,25.742574,77.581864,25.531915,86.967419,45.843829,3.282828,10.327456,83.500000,47.894737,29.007634,28.865979,37.783375,31
Gama,96.500000,88.000000,42.105263,95.000000,77.435897,87.969925,61.904762,56.281407,58.291457,83.959900,55.979644,36.934673,5.527638,32.745592,2
Guará,98.777506,82.107843,47.575758,91.154791,83.126551,85.539216,78.484108,68.796069,73.774510,88.019560,62.593516,41.728395,12.128713,30.788177,10
Itapoã,94.250000,84.711779,53.313253,94.416244,72.236504,42.278481,34.343434,41.666667,46.969697,85.858586,53.944020,30.025445,9.511568,23.664122,28
Jardim Botânico,89.526185,80.451128,65.972222,94.513716,79.015544,95.012469,75.125628,59.547739,56.926952,92.518703,52.506596,19.121447,6.091371,26.822917,27
Lago Norte,87.344913,61.442786,15.948276,85.111663,75.388601,91.066998,64.160401,48.354430,56.250000,81.296758,59.183673,10.659898,1.496259,11.471322,18
Lago Sul,100.000000,91.206030,47.687861,95.488722,85.676393,92.731830,66.666667,64.030612,62.814070,76.884422,64.961637,13.131313,1.772152,28.211587,16
Núcleo Bandeirante,91.943128,77.176471,46.105919,96.705882,77.536232,86.588235,79.245283,73.349057,76.650943,81.603774,76.849642,37.500000,11.004785,35.545024,8
Paranoá,98.922414,94.396552,37.701149,95.905172,95.896328,81.034483,79.525862,76.241901,89.439655,93.965517,53.289474,64.935065,6.263499,15.800866,7
Park Way,95.488722,57.323232,60.648148,94.486216,52.094241,91.729323,46.464646,70.854271,36.340852,63.131313,45.219638,35.443038,2.020202,19.899244,24
Planaltina,96.760259,17.400881,54.545455,95.887446,63.296703,70.842333,44.444444,22.826087,37.878788,88.984881,45.295405,43.013100,11.279826,33.626374,6
Plano Piloto,99.769604,95.422353,67.451950,95.033159,92.573541,98.186402,88.542439,78.885576,88.749916,94.069410,58.369858,31.698119,5.451304,31.545127,1
Recanto Das Emas,96.681416,65.410200,36.551724,93.141593,80.224719,69.777778,70.731707,68.819599,61.555556,86.252772,54.362416,62.053571,18.930958,24.553571,15
Riacho Fundo,97.035881,92.043682,46.140351,97.971919,87.777778,87.850467,80.594679,46.056782,67.238690,83.931357,74.132492,49.289100,19.811321,32.329635,17
Riacho Fundo II,98.503741,94.513716,63.414634,93.500000,92.443325,85.750000,80.250000,71.321696,74.686717,91.770574,61.696658,57.070707,13.924051,29.113924,21
SCIA,62.667194,63.890707,29.106966,80.988834,49.862194,37.843105,34.486645,13.653676,13.253533,72.128504,56.631133,46.666312,30.427211,60.975603,25
SIA,62.000000,38.926174,10.526316,69.798658,58.108108,82.000000,34.899329,32.885906,34.000000,92.666667,46.000000,38.666667,9.395973,27.516779,29
Samambaia,99.276673,89.330922,46.406571,95.479204,88.095238,80.108499,66.485507,50.181159,61.121157,92.585895,39.526412,51.090909,6.884058,26.582278,12
Santa Maria,93.777778,89.333333,47.341772,94.900222,77.303371,63.414634,62.806236,62.444444,57.906459,88.913525,62.107623,41.202673,14.732143,44.124169,13
Sobradinho,93.904762,77.714286,51.889169,84.190476,75.291829,76.380952,51.434034,29.206963,58.206107,88.358779,55.405405,27.500000,10.114504,23.900574,5
Sobradinho II,94.727592,14.260563,82.500000,98.947368,63.734291,84.912281,55.887522,16.225750,40.035273,91.739895,51.607143,37.900356,9.649123,33.274648,26
Sol Nascente / Pôr do Sol,72.795970,56.030151,21.860465,85.427136,45.063291,46.867168,15.326633,10.025063,9.547739,77.443609,25.384615,60.759494,35.025381,65.984655,32
Sudoeste e Octogonal,100.000000,93.181818,69.060773,90.379747,96.700508,99.747475,99.747475,94.936709,99.494949,97.959184,74.462366,32.994924,0.506329,3.797468,22
São Sebastião,69.372480,55.795746,58.202526,72.597070,59.734102,74.316807,45.365372,39.289937,40.624766,70.278709,52.183174,31.029371,19.381058,30.775511,14
Taguatinga,96.217494,94.562648,39.440204,96.926714,80.805687,85.579196,75.592417,33.571429,74.704492,86.966825,43.990385,22.439024,4.047619,29.383886,3
Varjão,98.525799,72.413793,41.342756,97.066015,81.658291,89.975550,87.530562,33.004926,40.540541,83.129584,91.831683,59.305211,11.910670,17.955112,23
Vicente Pires,77.145543,66.028755,36.655524,87.563298,76.211672,87.687723,33.364526,23.485591,18.401406,59.763279,33.165252,31.969780,10.600490,30.357356,30
Água Quente,45.250000,38.693467,18.831169,74.000000,19.346734,44.750000,30.500000,14.250000,21.250000,87.500000,46.329114,69.269521,60.101010,63.727960,35
Águas Claras,100.000000,99.750623,78.282828,92.768080,95.488722,88.308458,92.019950,87.531172,94.776119,94.513716,79.177378,18.481013,3.000000,24.120603,20
Área Rural,27.111111,14.031180,61.290323,47.555556,13.777778,97.777778,19.555556,12.444444,11.777778,55.111111,36.465324,37.946429,7.812500,32.589286,
