RA,pct_trabalho_presencial,pct_trabalho_remoto,pct_trabalho_hibrido,principal_destino_trabalho,pct_principal_destino,pct_trabalha_na_propria_ra,faixa_mediana_deslocamento,pct_deslocamento_ate_30min,pct_deslocamento_acima_1h,transporte_principal,ra_cira
Arapoanga,97.49967384,1.26641666,1.23390950,Plano Piloto,34.72171865,22.68965266,Acima de 45 minutos até 1 hora,39.43080179,43.01213258,Ônibus,34
Arniqueira,86.78218568,8.13095327,5.08686105,Arniqueira,27.04047370,27.04047370,Acima de 15 minutos até 30 minutos,68.27323339,5.83282895,Automóvel,33
Brazlândia,94.91679521,3.54642601,1.53677877,Brazlândia,53.66483842,53.66483842,Acima de 15 minutos até 30 minutos,51.75554777,38.84961370,Ônibus,4
Candangolândia,90.87486673,4.77022978,4.35490349,Plano Piloto,42.69356541,30.96024635,Acima de 15 minutos até 30 minutos,67.04771852,9.05183884,Automóvel,19
Ceilândia,87.80560234,6.96425941,5.23013825,Ceilândia,40.76694257,40.76694257,Acima de 30 minutos até 45 minutos,49.82654742,22.10761895,Ônibus,9
Cruzeiro,87.38950343,6.93782877,5.67266781,Plano Piloto,47.44670223,27.01082868,Acima de 15 minutos até 30 minutos,87.25674965,2.28344954,Automóvel,11
Fercal,98.03543140,1.41282938,0.55173923,Fercal,47.00593951,47.00593951,Acima de 15 minutos até 30 minutos,63.36752613,9.20572822,Ônibus,31
Gama,86.59922782,7.42513295,5.97563923,Gama,49.00309847,49.00309847,Acima de 15 minutos até 30 minutos,54.75391738,15.12942769,Automóvel,2
Guará,77.49825566,6.95598144,15.54576290,Plano Piloto,43.04936316,22.83154307,Acima de 15 minutos até 30 minutos,78.69996630,2.62881659,Automóvel,10
Itapoã,97.78272086,1.84594073,0.37133841,Itapoã,29.90518013,29.90518013,Acima de 30 minutos até 45 minutos,47.55687608,14.33622957,Ônibus,28
Jardim Botânico,70.54784585,9.22809637,20.22405778,Plano Piloto,45.18151916,23.11953244,Acima de 15 minutos até 30 minutos,66.67832047,4.55889619,Automóvel,27
Lago Norte,59.38639736,28.16269855,12.45090408,Plano Piloto,59.01761590,28.66498348,Acima de 15 minutos até 30 minutos,90.52186829,0.31193773,Automóvel,18
Lago Sul,58.07164664,16.65885743,25.26949593,Plano Piloto,50.59722457,19.52922466,Acima de 15 minutos até 30 minutos,89.50687004,2.25620100,Automóvel,16
Núcleo Bandeirante,84.81610377,12.02413394,3.15976230,Plano Piloto,29.16529136,26.20778240,Acima de 15 minutos até 30 minutos,72.28487096,5.67980321,Automóvel,8
Paranoá,95.70367838,2.18069547,2.11562614,Plano Piloto,29.71467803,27.51333626,Acima de 30 minutos até 45 minutos,47.88986707,16.51696374,Ônibus,7
Park Way,63.43636549,13.63825096,22.92538355,Plano Piloto,49.97268942,22.43904850,Acima de 15 minutos até 30 minutos,74.56910577,1.16034223,Automóvel,24
Planaltina,97.61981067,1.65098480,0.72920453,Planaltina,48.04606471,48.04606471,Acima de 30 minutos até 45 minutos,48.28541562,35.67207284,Ônibus,6
Plano Piloto,67.01798036,12.54737116,20.43464847,Plano Piloto,83.78422176,83.78422176,Até 15 minutos,92.14786910,1.29702464,Automóvel,1
Recanto Das Emas,96.78986044,2.57764628,0.63249327,Recanto Das Emas,32.31992007,32.31992007,Acima de 30 minutos até 45 minutos,43.64320240,23.80122241,Ônibus,15
Riacho Fundo,80.54159420,11.58130145,7.87710434,Plano Piloto,30.05120797,28.77828416,Acima de 15 minutos até 30 minutos,59.19208799,9.67151093,Automóvel,17
Riacho Fundo II,91.15514176,3.74099493,5.10386331,Plano Piloto,29.60502178,20.02250175,Acima de 30 minutos até 45 minutos,42.51829251,22.23178701,Ônibus,21
SCIA,97.37612672,2.19914275,0.42473052,SCIA,32.72674856,32.72674856,Acima de 15 minutos até 30 minutos,64.09432528,12.04242578,Ônibus,25
SIA,86.60941339,11.70765199,1.68293462,SIA,41.76127394,41.76127394,Acima de 15 minutos até 30 minutos,87.45872369,5.60295121,Automóvel,29
Samambaia,88.95822895,7.13231376,3.90945729,Samambaia,34.62381039,34.62381039,Acima de 15 minutos até 30 minutos,50.73656374,23.08285988,Ônibus,12
Santa Maria,97.15037450,2.22882767,0.62079782,Plano Piloto,41.98688476,26.04402441,Acima de 45 minutos até 1 hora,29.63484355,33.97243899,Ônibus,13
Sobradinho,80.88788536,16.25837070,2.85374394,Sobradinho,38.72259390,38.72259390,Acima de 15 minutos até 30 minutos,62.83066593,8.30052324,Automóvel,5
Sobradinho II,91.91963107,6.95599063,1.12437830,Plano Piloto,38.12788670,35.76514319,Acima de 15 minutos até 30 minutos,50.29582426,18.54946359,Automóvel,26
Sol Nascente / Pôr do Sol,96.17385974,2.97852233,0.84761793,Ceilândia,25.44381253,14.80833655,Acima de 15 minutos até 30 minutos,51.82187774,14.92294152,Ônibus,32
Sudoeste e Octogonal,63.55068001,16.02216325,20.42715674,Plano Piloto,48.03499172,36.19406064,Até 15 minutos,91.64863029,2.43952451,Automóvel,22
São Sebastião,97.69846293,1.66926966,0.63226741,São Sebastião,43.01413310,43.01413310,Acima de 15 minutos até 30 minutos,50.99117988,15.88572489,Ônibus,14
Taguatinga,89.30511712,6.49867899,4.19620390,Taguatinga,49.98020053,49.98020053,Acima de 15 minutos até 30 minutos,54.52807122,10.80167655,Automóvel,3
Varjão,96.29121765,1.66119297,2.04758938,Plano Piloto,33.16324761,22.79002367,Acima de 15 minutos até 30 minutos,85.02278346,3.55390996,Ônibus,23
Vicente Pires,89.41689908,5.54288342,5.04021751,Vicente Pires,35.77850443,35.77850443,Acima de 15 minutos até 30 minutos,61.44225198,13.51032195,Automóvel,30
Água Quente,98.46034687,1.07255918,0.46709395,Água Quente,26.84165295,26.84165295,Acima de 45 minutos até 1 hora,36.25354855,37.65976869,Ônibus,35
Águas Claras,67.56140155,11.56110762,20.87749083,Plano Piloto,43.42511425,27.48147928,Acima de 15 minutos até 30 minutos,52.94873641,4.17540338,Automóvel,20
Área Rural,96.27820991,2.54946501,1.17232508,Área Rural,43.74521603,43.74521603,Até 15 minutos,66.25027656,12.99060090,A pé,
