RA,renda_média,P10,P25/Q1,P50/mediana,P75/Q3,P90,ra_cira
Plano Piloto,11855.599361464212,1510.51836,3767.070146,9063.11016,16166.97731,25336.34658,1
Gama,4156.878729464068,618.0254524,1289.613111,1412.0,5150.212103,8240.339365,2
Taguatinga,3559.684273595749,1128.339321,1354.007186,1437.595418,4072.508265,9231.867174,3
Brazlândia,2431.3102811286935,604.207344,953.42,1434.582794,2910.44,5128.815097,4
Sobradinho,6394.668971357466,1390.557268,1434.819236,3090.127262,7073.052571,14146.10514,5
Planaltina,1944.8843105465887,618.0254524,824.0339365,1359.655995,1584.208922,5253.216345,6
Paranoá,1405.6926686761267,597.4284172,712.6889465,1335.543451,1445.740434,2671.086902,7
Núcleo Bandeirante,3839.447853003102,598.9817311,1341.111394,2137.650282,5181.566748,9744.748684,8
Ceilândia,2384.933153545755,509.0635332,927.0381786,1354.007186,2564.407548,4546.962367,9
Guará,5595.473470822715,909.3924735,1426.735747,3077.289058,7073.052571,12125.23298,10
Cruzeiro,6464.088532563488,1414.610514,1515.654122,5079.9674,8083.488653,12217.5248,11
Samambaia,2339.2871445368173,613.2421635,928.3155325,1359.655995,2163.089083,5035.0612,12
Santa Maria,2341.1515257334017,610.8762398,919.8632453,1349.13276,2564.407548,4599.316226,13
São Sebastião,1710.0508895275998,200.0,618.0254524,1339.055147,1437.595418,2834.1664,14
Recanto Das Emas,1798.8204951792225,613.2421635,772.5318155,1359.655995,1679.344768,3577.245954,15
Lago Sul,17353.40377803971,2700.0,6021.6,14050.4,23959.26924,37000.0,16
Riacho Fundo,3689.480065139169,610.8762398,1128.339321,1437.595418,4174.320972,8083.488653,17
Lago Norte,13035.01043583572,1412.0,4500.0,10000.0,20072.0,29000.0,18
Candangolândia,3749.966108170055,615.4578116,1230.915623,1839.726491,5110.351363,9163.143597,19
Águas Claras,8670.884408816848,1417.0832,3021.03672,7275.139788,12217.5248,18064.8,20
Riacho Fundo II,1821.2430778171583,515.0212103,868.7597316,1349.13276,2277.193903,4394.902172,21
Sudoeste e Octogonal,16550.742086944356,2031.98696,4041.744326,11077.13464,15239.9022,25399.837,22
Varjão,1712.5072933685983,615.4578116,868.7597316,1354.007186,2146.347572,3258.006612,23
Park Way,11563.360267384152,1400.0,3494.060098,8000.0,15000.0,25000.0,24
SCIA,1232.176369050394,389.7899474,610.8762398,865.4080064,1436.068227,2672.062853,25
Sobradinho II,2972.295171952179,559.9698865,615.4578116,1341.111394,2051.526039,7049.08568,26
Jardim Botânico,8612.595674719947,1421.901283,2461.831246,6154.578116,12587.653,20515.26039,27
Itapoã,1760.5906686558276,512.8815097,615.4578116,1335.543451,1448.377383,2872.136454,28
SIA,1652.103800315955,600.0,950.0,1412.0,1662.0,3300.0,29
Vicente Pires,4630.0510644111655,654.557956,1417.0832,2425.046596,6062.61649,12084.14688,30
Fercal,1317.0326971843735,254.5317666,712.6889465,1323.565186,1445.740434,2332.72103,31
Sol Nascente / Pôr do Sol,1437.1760727848457,410.3052077,682.448,1230.915623,1437.595418,2239.879546,32
Arniqueira,4333.658113851033,654.557956,1405.04,1447.776688,3713.32,10573.62852,33
Arapoanga,1574.9859425347545,555.7398449,761.99511,1349.13276,1445.740434,2044.140545,34
Água Quente,1370.1892433540281,604.207344,798.2445045,1359.466524,1510.51836,2222.95938,35
Área Rural,2021.2305616028727,481.728,702.52,1417.0832,1806.48,5018.0,
