RA,renda_média,P10,P25/Q1,P50/mediana,P75/Q3,P90,ra_cira,media_moradores,mediana_moradores,pct_domicilios_com_criancas,media_criancas_domicilios_com_criancas,pct_unipessoal,pct_monoparental_feminino,pct_casal_com_filhos,pct_casal_sem_filhos,pct_outros_arranjos,pct_condominio_fechado,pct_paga_taxa_condominial,mediana_taxa_condominial,pct_rua_pavimentada,pct_calcada,pct_calcadas_com_rampa,pct_iluminacao,pct_drenagem,pct_arborizacao,pct_parque_praca,pct_ciclovia,pct_travessia_sinalizada,pct_ponto_onibus,pct_policiamento,pct_lixo_entulho,pct_esgoto_ceu_aberto,pct_alagamento,pct_trabalho_presencial,pct_trabalho_remoto,pct_trabalho_hibrido,principal_destino_trabalho,pct_principal_destino,pct_trabalha_na_propria_ra,faixa_mediana_deslocamento,pct_deslocamento_ate_30min,pct_deslocamento_acima_1h,transporte_principal
Plano Piloto,11855.599361464212,1510.51836,3767.070146,9063.11016,16166.97731,25336.34658,1.0,2.375644,2.0,18.064197,1.329308,24.479692,10.914594,27.616705,28.677781,8.311227,57.556603,63.034844,890.0,99.769604,95.422353,67.45195,95.033159,92.573541,98.186402,88.542439,78.885576,88.749916,94.06941,58.369858,31.698119,5.451304,31.545127,67.01798036,12.54737116,20.43464847,Plano Piloto,83.78422176,83.78422176,Até 15 minutos,92.1478691,1.29702464,Automóvel
Gama,4156.878729464068,618.0254524,1289.613111,1412.0,5150.212103,8240.339365,2.0,2.8825,3.0,26.0,1.413462,15.5,18.0,32.5,19.0,15.0,22.25,19.346734,350.0,96.5,88.0,42.105263,95.0,77.435897,87.969925,61.904762,56.281407,58.291457,83.9599,55.979644,36.934673,5.527638,32.745592,86.59922782,7.42513295,5.97563923,Gama,49.00309847,49.00309847,Acima de 15 minutos até 30 minutos,54.75391738,15.12942769,Automóvel
Taguatinga,3559.684273595749,1128.339321,1354.007186,1437.595418,4072.508265,9231.867174,3.0,2.706856,2.0,21.985816,1.408602,20.330969,16.78487,28.841608,19.148936,14.893617,27.078385,23.684211,450.0,96.217494,94.562648,39.440204,96.926714,80.805687,85.579196,75.592417,33.571429,74.704492,86.966825,43.990385,22.439024,4.047619,29.383886,89.30511712,6.49867899,4.1962039,Taguatinga,49.98020053,49.98020053,Acima de 15 minutos até 30 minutos,54.52807122,10.80167655,Automóvel
Brazlândia,2431.310281128693,604.207344,953.42,1434.582794,2910.44,5128.815097,4.0,2.85213,3.0,31.829574,1.559055,19.799499,25.062657,32.330827,12.531328,10.275689,4.260652,0.251256,,96.992481,94.235589,39.516129,93.450882,75.634518,76.190476,66.165414,21.410579,48.994975,86.466165,67.766497,44.949495,21.15869,31.829574,94.91679521,3.54642601,1.53677877,Brazlândia,53.66483842,53.66483842,Acima de 15 minutos até 30 minutos,51.75554777,38.8496137,Ônibus
Sobradinho,6394.668971357466,1390.557268,1434.819236,3090.127262,7073.052571,14146.10514,5.0,3.04,3.0,32.190476,1.372781,12.380952,15.428571,40.761905,18.285714,13.142857,26.908397,25.954198,400.0,93.904762,77.714286,51.889169,84.190476,75.291829,76.380952,51.434034,29.206963,58.206107,88.358779,55.405405,27.5,10.114504,23.900574,80.88788536,16.2583707,2.85374394,Sobradinho,38.7225939,38.7225939,Acima de 15 minutos até 30 minutos,62.83066593,8.30052324,Automóvel
Planaltina,1944.8843105465887,618.0254524,824.0339365,1359.655995,1584.208922,5253.216345,6.0,2.946004,3.0,31.965443,1.391892,16.63067,23.326134,33.909287,18.142549,7.991361,6.060606,3.043478,250.0,96.760259,17.400881,54.545455,95.887446,63.296703,70.842333,44.444444,22.826087,37.878788,88.984881,45.295405,43.0131,11.279826,33.626374,97.61981067,1.6509848,0.72920453,Planaltina,48.04606471,48.04606471,Acima de 30 minutos até 45 minutos,48.28541562,35.67207284,Ônibus
Paranoá,1405.6926686761267,597.4284172,712.6889465,1335.543451,1445.740434,2671.086902,7.0,2.87069,3.0,36.637931,1.411765,17.672414,27.586207,32.327586,12.068966,10.344828,37.5,37.580994,107.0,98.922414,94.396552,37.701149,95.905172,95.896328,81.034483,79.525862,76.241901,89.439655,93.965517,53.289474,64.935065,6.263499,15.800866,95.70367838,2.18069547,2.11562614,Plano Piloto,29.71467803,27.51333626,Acima de 30 minutos até 45 minutos,47.88986707,16.51696374,Ônibus
Núcleo Bandeirante,3839.447853003102,598.9817311,1341.111394,2137.650282,5181.566748,9744.748684,8.0,2.597647,2.0,21.882353,1.462366,20.941176,20.470588,27.764706,16.0,14.823529,26.241135,24.460432,190.0,91.943128,77.176471,46.105919,96.705882,77.536232,86.588235,79.245283,73.349057,76.650943,81.603774,76.849642,37.5,11.004785,35.545024,84.81610377,12.02413394,3.1597623,Plano Piloto,29.16529136,26.2077824,Acima de 15 minutos até 30 minutos,72.28487096,5.67980321,Automóvel
Ceilândia,2384.933153545755,509.0635332,927.0381786,1354.007186,2564.407548,4546.962367,9.0,2.851786,3.0,32.142857,1.405556,16.428571,20.178571,34.821429,15.178571,13.392857,6.071429,5.545617,500.0,100.0,88.035714,73.727088,99.107143,87.683824,87.298748,87.678571,71.76259,87.65653,96.785714,45.269017,55.535055,15.584416,42.279412,87.80560234,6.96425941,5.23013825,Ceilândia,40.76694257,40.76694257,Acima de 30 minutos até 45 minutos,49.82654742,22.10761895,Ônibus
Guará,5595.473470822715,909.3924735,1426.735747,3077.289058,7073.052571,12125.23298,10.0,2.476773,2.0,23.471883,1.28125,24.205379,15.892421,25.427873,20.537897,13.93643,50.245098,46.79803,500.0,98.777506,82.107843,47.575758,91.154791,83.126551,85.539216,78.484108,68.796069,73.77451,88.01956,62.593516,41.728395,12.128713,30.788177,77.49825566,6.95598144,15.5457629,Plano Piloto,43.04936316,22.83154307,Acima de 15 minutos até 30 minutos,78.6999663,2.62881659,Automóvel
Cruzeiro,6464.088532563488,1414.610514,1515.654122,5079.9674,8083.488653,12217.5248,11.0,2.388471,2.0,18.796992,1.213333,27.819549,13.784461,26.065163,20.300752,12.030075,51.378446,64.141414,400.0,100.0,96.240602,29.380054,97.229219,91.688312,95.739348,92.211055,72.959184,78.84131,93.21608,74.168798,43.222506,2.518892,26.329114,87.38950343,6.93782877,5.67266781,Plano Piloto,47.44670223,27.01082868,Acima de 15 minutos até 30 minutos,87.25674965,2.28344954,Automóvel
Samambaia,2339.2871445368173,613.2421635,928.3155325,1359.655995,2163.089083,5035.0612,12.0,3.135624,3.0,36.528029,1.564356,12.83906,22.78481,37.974684,16.455696,9.94575,12.83906,11.231884,420.0,99.276673,89.330922,46.406571,95.479204,88.095238,80.108499,66.485507,50.181159,61.121157,92.585895,39.526412,51.090909,6.884058,26.582278,88.95822895,7.13231376,3.90945729,Samambaia,34.62381039,34.62381039,Acima de 15 minutos até 30 minutos,50.73656374,23.08285988,Ônibus
Santa Maria,2341.1515257334017,610.8762398,919.8632453,1349.13276,2564.407548,4599.316226,13.0,3.237251,3.0,36.807095,1.644578,10.864745,21.286031,38.802661,15.299335,13.747228,15.555556,13.258427,350.0,93.777778,89.333333,47.341772,94.900222,77.303371,63.414634,62.806236,62.444444,57.906459,88.913525,62.107623,41.202673,14.732143,44.124169,97.1503745,2.22882767,0.62079782,Plano Piloto,41.98688476,26.04402441,Acima de 45 minutos até 1 hora,29.63484355,33.97243899,Ônibus
São Sebastião,1710.0508895275998,200.0,618.0254524,1339.055147,1437.595418,2834.1664,14.0,2.895857,3.0,38.156536,1.548527,16.619878,18.762302,36.307047,15.306088,13.004685,17.180913,3.431066,155.0,69.37248,55.795746,58.202526,72.59707,59.734102,74.316807,45.365372,39.289937,40.624766,70.278709,52.183174,31.029371,19.381058,30.775511,97.69846293,1.66926966,0.63226741,São Sebastião,43.0141331,43.0141331,Acima de 15 minutos até 30 minutos,50.99117988,15.88572489,Ônibus
Recanto Das Emas,1798.8204951792225,613.2421635,772.5318155,1359.655995,1679.344768,3577.245954,15.0,2.993363,3.0,36.725664,1.5,17.699115,23.230088,37.168142,14.159292,7.743363,3.318584,0.886918,290.0,96.681416,65.4102,36.551724,93.141593,80.224719,69.777778,70.731707,68.819599,61.555556,86.252772,54.362416,62.053571,18.930958,24.553571,96.78986044,2.57764628,0.63249327,Recanto Das Emas,32.31992007,32.31992007,Acima de 30 minutos até 45 minutos,43.6432024,23.80122241,Ônibus
Lago Sul,17353.40377803971,2700.0,6021.6,14050.4,23959.26924,37000.0,16.0,3.032581,3.0,13.283208,1.490566,7.769424,12.030075,42.606516,28.070175,9.52381,16.0401,15.40404,623.0,100.0,91.20603,47.687861,95.488722,85.676393,92.73183,66.666667,64.030612,62.81407,76.884422,64.961637,13.131313,1.772152,28.211587,58.07164664,16.65885743,25.26949593,Plano Piloto,50.59722457,19.52922466,Acima de 15 minutos até 30 minutos,89.50687004,2.256201,Automóvel
Riacho Fundo,3689.480065139169,610.8762398,1128.339321,1437.595418,4174.320972,8083.488653,17.0,2.626168,2.0,26.479751,1.305882,22.11838,17.912773,30.529595,17.601246,11.838006,40.342679,31.289308,185.0,97.035881,92.043682,46.140351,97.971919,87.777778,87.850467,80.594679,46.056782,67.23869,83.931357,74.132492,49.2891,19.811321,32.329635,80.5415942,11.58130145,7.87710434,Plano Piloto,30.05120797,28.77828416,Acima de 15 minutos até 30 minutos,59.19208799,9.67151093,Automóvel
Lago Norte,13035.01043583572,1412.0,4500.0,10000.0,20072.0,29000.0,18.0,2.588089,2.0,18.858561,1.342105,26.30273,12.655087,30.272953,22.828784,7.940447,42.25,39.303483,570.0,87.344913,61.442786,15.948276,85.111663,75.388601,91.066998,64.160401,48.35443,56.25,81.296758,59.183673,10.659898,1.496259,11.471322,59.38639736,28.16269855,12.45090408,Plano Piloto,59.0176159,28.66498348,Acima de 15 minutos até 30 minutos,90.52186829,0.31193773,Automóvel
Candangolândia,3749.966108170055,615.4578116,1230.915623,1839.726491,5110.351363,9163.143597,19.0,2.64268,2.0,24.317618,1.326531,25.310174,12.655087,30.024814,16.62531,15.384615,8.955224,2.487562,70.0,98.759305,82.630273,34.848485,98.014888,94.278607,83.37469,88.308458,69.154229,75.373134,92.288557,79.639175,19.1067,7.23192,14.75,90.87486673,4.77022978,4.35490349,Plano Piloto,42.69356541,30.96024635,Acima de 15 minutos até 30 minutos,67.04771852,9.05183884,Automóvel
Águas Claras,8670.884408816848,1417.0832,3021.03672,7275.139788,12217.5248,18064.8,20.0,2.141791,2.0,17.412935,1.314286,36.567164,7.960199,24.626866,21.890547,8.955224,99.253731,97.256858,600.0,100.0,99.750623,78.282828,92.76808,95.488722,88.308458,92.01995,87.531172,94.776119,94.513716,79.177378,18.481013,3.0,24.120603,67.56140155,11.56110762,20.87749083,Plano Piloto,43.42511425,27.48147928,Acima de 15 minutos até 30 minutos,52.94873641,4.17540338,Automóvel
Riacho Fundo II,1821.2430778171583,515.0212103,868.7597316,1349.13276,2277.193903,4394.902172,21.0,3.027431,3.0,35.660848,1.440559,10.972569,20.448878,44.139651,16.708229,7.730673,36.159601,33.0,320.0,98.503741,94.513716,63.414634,93.5,92.443325,85.75,80.25,71.321696,74.686717,91.770574,61.696658,57.070707,13.924051,29.113924,91.15514176,3.74099493,5.10386331,Plano Piloto,29.60502178,20.02250175,Acima de 30 minutos até 45 minutos,42.51829251,22.23178701,Ônibus
Sudoeste e Octogonal,16550.742086944356,2031.98696,4041.744326,11077.13464,15239.9022,25399.837,22.0,1.967172,2.0,12.121212,1.375,42.676768,9.090909,20.20202,19.949495,8.080808,99.242424,97.969543,600.0,100.0,93.181818,69.060773,90.379747,96.700508,99.747475,99.747475,94.936709,99.494949,97.959184,74.462366,32.994924,0.506329,3.797468,63.55068001,16.02216325,20.42715674,Plano Piloto,48.03499172,36.19406064,Até 15 minutos,91.64863029,2.43952451,Automóvel
Varjão,1712.5072933685983,615.4578116,868.7597316,1354.007186,2146.347572,3258.006612,23.0,2.836186,3.0,38.386308,1.528662,18.337408,27.139364,28.850856,12.713936,12.958435,6.896552,2.48139,90.0,98.525799,72.413793,41.342756,97.066015,81.658291,89.97555,87.530562,33.004926,40.540541,83.129584,91.831683,59.305211,11.91067,17.955112,96.29121765,1.66119297,2.04758938,Plano Piloto,33.16324761,22.79002367,Acima de 15 minutos até 30 minutos,85.02278346,3.55390996,Ônibus
Park Way,11563.360267384152,1400.0,3494.060098,8000.0,15000.0,25000.0,24.0,2.952381,3.0,20.551378,1.47561,13.533835,8.521303,43.859649,25.313283,8.77193,80.653266,65.40404,400.0,95.488722,57.323232,60.648148,94.486216,52.094241,91.729323,46.464646,70.854271,36.340852,63.131313,45.219638,35.443038,2.020202,19.899244,63.43636549,13.63825096,22.92538355,Plano Piloto,49.97268942,22.4390485,Acima de 15 minutos até 30 minutos,74.56910577,1.16034223,Automóvel
SCIA,1232.176369050394,389.7899474,610.8762398,865.4080064,1436.068227,2672.062853,25.0,3.024856,3.0,41.582396,1.560991,15.185751,18.844531,38.654179,14.964549,12.35099,4.512528,0.41867,150.0,62.667194,63.890707,29.106966,80.988834,49.862194,37.843105,34.486645,13.653676,13.253533,72.128504,56.631133,46.666312,30.427211,60.975603,97.37612672,2.19914275,0.42473052,SCIA,32.72674856,32.72674856,Acima de 15 minutos até 30 minutos,64.09432528,12.04242578,Ônibus
Sobradinho II,2972.295171952179,559.9698865,615.4578116,1341.111394,2051.526039,7049.08568,26.0,2.985965,3.0,31.052632,1.474576,12.105263,22.807018,36.491228,19.298246,9.298246,28.947368,39.323843,312.0,94.727592,14.260563,82.5,98.947368,63.734291,84.912281,55.887522,16.22575,40.035273,91.739895,51.607143,37.900356,9.649123,33.274648,91.91963107,6.95599063,1.1243783,Plano Piloto,38.1278867,35.76514319,Acima de 15 minutos até 30 minutos,50.29582426,18.54946359,Automóvel
Jardim Botânico,8612.595674719947,1421.901283,2461.831246,6154.578116,12587.653,20515.26039,27.0,2.950125,3.0,32.668329,1.412214,12.468828,11.720698,48.129676,17.206983,10.473815,88.5,87.594937,540.0,89.526185,80.451128,65.972222,94.513716,79.015544,95.012469,75.125628,59.547739,56.926952,92.518703,52.506596,19.121447,6.091371,26.822917,70.54784585,9.22809637,20.22405778,Plano Piloto,45.18151916,23.11953244,Acima de 15 minutos até 30 minutos,66.67832047,4.55889619,Automóvel
Itapoã,1760.5906686558276,512.8815097,615.4578116,1335.543451,1448.377383,2872.136454,28.0,2.778055,3.0,38.653367,1.367742,20.947631,19.451372,37.406484,15.21197,6.982544,31.25,31.328321,300.0,94.25,84.711779,53.313253,94.416244,72.236504,42.278481,34.343434,41.666667,46.969697,85.858586,53.94402,30.025445,9.511568,23.664122,97.78272086,1.84594073,0.37133841,Itapoã,29.90518013,29.90518013,Acima de 30 minutos até 45 minutos,47.55687608,14.33622957,Ônibus
SIA,1652.103800315955,600.0,950.0,1412.0,1662.0,3300.0,29.0,2.993333,3.0,36.666667,1.581818,20.0,14.666667,41.333333,16.666667,7.333333,23.648649,12.751678,300.0,62.0,38.926174,10.526316,69.798658,58.108108,82.0,34.899329,32.885906,34.0,92.666667,46.0,38.666667,9.395973,27.516779,86.60941339,11.70765199,1.68293462,SIA,41.76127394,41.76127394,Acima de 15 minutos até 30 minutos,87.45872369,5.60295121,Automóvel
Vicente Pires,4630.0510644111655,654.557956,1417.0832,2425.046596,6062.61649,12084.14688,30.0,2.805999,2.0,22.268441,1.592235,15.806516,12.103298,32.465325,27.885225,11.739637,44.883008,41.310078,280.0,77.145543,66.028755,36.655524,87.563298,76.211672,87.687723,33.364526,23.485591,18.401406,59.763279,33.165252,31.96978,10.60049,30.357356,89.41689908,5.54288342,5.04021751,Vicente Pires,35.77850443,35.77850443,Acima de 15 minutos até 30 minutos,61.44225198,13.51032195,Automóvel
Fercal,1317.0326971843735,254.5317666,712.6889465,1323.565186,1445.740434,2332.72103,31.0,2.945,3.0,40.75,1.472393,15.5,21.75,36.25,16.25,10.25,3.258145,0.75188,,77.5,26.38191,25.742574,77.581864,25.531915,86.967419,45.843829,3.282828,10.327456,83.5,47.894737,29.007634,28.865979,37.783375,98.0354314,1.41282938,0.55173923,Fercal,47.00593951,47.00593951,Acima de 15 minutos até 30 minutos,63.36752613,9.20572822,Ônibus
Sol Nascente / Pôr do Sol,1437.1760727848457,410.3052077,682.448,1230.915623,1437.595418,2239.879546,32.0,2.974937,3.0,37.593985,1.513333,16.290727,17.54386,39.097744,13.533835,13.533835,10.075567,3.258145,50.0,72.79597,56.030151,21.860465,85.427136,45.063291,46.867168,15.326633,10.025063,9.547739,77.443609,25.384615,60.759494,35.025381,65.984655,96.17385974,2.97852233,0.84761793,Ceilândia,25.44381253,14.80833655,Acima de 15 minutos até 30 minutos,51.82187774,14.92294152,Ônibus
Arniqueira,4333.658113851033,654.557956,1405.04,1447.776688,3713.32,10573.62852,33.0,2.718543,3.0,27.649007,1.473054,22.516556,15.562914,37.086093,17.880795,6.953642,40.562914,36.54485,200.0,89.403974,73.920266,23.041475,86.212625,53.001715,71.096346,47.263682,25.373134,31.893688,71.096346,39.219015,47.666667,21.702838,44.798658,86.78218568,8.13095327,5.08686105,Arniqueira,27.0404737,27.0404737,Acima de 15 minutos até 30 minutos,68.27323339,5.83282895,Automóvel
Arapoanga,1574.9859425347545,555.7398449,761.99511,1349.13276,1445.740434,2044.140545,34.0,2.982318,3.0,37.131631,1.52381,13.948919,22.200393,40.86444,14.931238,8.05501,0.196464,0.0,,98.231827,18.88668,38.461538,93.320236,55.220884,61.29666,17.125984,20.669291,13.188976,81.496063,34.669339,59.52381,17.98419,39.880952,97.49967384,1.26641666,1.2339095,Plano Piloto,34.72171865,22.68965266,Acima de 45 minutos até 1 hora,39.43080179,43.01213258,Ônibus
Água Quente,1370.189243354028,604.207344,798.2445045,1359.466524,1510.51836,2222.95938,35.0,2.775,3.0,31.25,1.52,20.0,18.5,34.0,17.5,10.0,22.055138,23.0,187.0,45.25,38.693467,18.831169,74.0,19.346734,44.75,30.5,14.25,21.25,87.5,46.329114,69.269521,60.10101,63.72796,98.46034687,1.07255918,0.46709395,Água Quente,26.84165295,26.84165295,Acima de 45 minutos até 1 hora,36.25354855,37.65976869,Ônibus
Área Rural,2021.2305616028727,481.728,702.52,1417.0832,1806.48,5018.0,,3.035556,3.0,38.222222,1.505814,16.0,10.444444,43.777778,21.555556,8.222222,4.666667,4.67706,500.0,27.111111,14.03118,61.290323,47.555556,13.777778,97.777778,19.555556,12.444444,11.777778,55.111111,36.465324,37.946429,7.8125,32.589286,96.27820991,2.54946501,1.17232508,Área Rural,43.74521603,43.74521603,Até 15 minutos,66.25027656,12.9906009,A pé
